station_id,days,forecast_drain_share,forecast_fill_share,actual_drain_share,actual_fill_share,median_forecast,median_actual,label,name
A32002,48,0.2708333333333333,0.0,0.3125,0.0,-0.17404219508171082,-1.5,mixed,Commonwealth Ave at Agganis Way
A32004,48,0.0,0.9583333333333334,0.0,0.9583333333333334,39.40536820888519,41.5,fills,Longwood Ave at Binney St
A32010,48,0.0,0.375,0.08333333333333333,0.375,3.348727226257324,5.0,mixed,South Station - 700 Atlantic Ave
A32025,48,0.9791666666666666,0.0,0.875,0.0,-12.54767769575119,-13.0,drains,Nashua Street at Red Auerbach Way
A32053,48,0.8125,0.0,0.75,0.0,-8.266141772270203,-10.0,drains,Valenti Way at Haverhill St
B32000,28,0.0,0.0,0.07142857142857142,0.0,-0.7165068984031677,-2.0,mixed,Newbury St at Hereford St
B32002,48,0.0,0.375,0.0,0.3958333333333333,3.8672728836536407,5.0,mixed,Ruggles T Stop - Columbus Ave at Melnea Cass Blvd
B32005,48,0.2916666666666667,0.0,0.3541666666666667,0.0,-3.1949856281280518,-4.0,mixed,Christian Science Plaza - Massachusetts Ave at Westland Ave
B32008,48,0.0,1.0,0.0,0.9583333333333334,15.546041309833527,17.0,fills,Boston City Hall - 28 State St
B32015,48,0.0,0.0,0.020833333333333332,0.16666666666666666,0.5737406015396118,1.5,mixed,Landmark Center - Brookline Ave at Park Dr
B32016,43,0.9069767441860465,0.0,0.7906976744186046,0.0,-8.484375,-9.0,drains,Beacon St at Massachusetts Ave
B32018,48,0.0,0.125,0.041666666666666664,0.041666666666666664,0.5248821973800659,0.0,mixed,Boylston St at Massachusetts Ave
B32032,48,0.0,0.6666666666666666,0.020833333333333332,0.2916666666666667,7.012603163719177,3.0,mixed,Government Center - Cambridge St at Court St
B32034,48,0.22916666666666666,0.0,0.4583333333333333,0.020833333333333332,-3.0789483785629272,-5.0,mixed,Boylston St at Jersey St
B32037,48,0.0,0.4166666666666667,0.0,0.5833333333333334,3.611409366130829,6.0,mixed,Deerfield St at Commonwealth Ave
B32062,48,0.0,0.14583333333333334,0.020833333333333332,0.3958333333333333,3.1574673652648926,4.5,mixed,Forsyth St at Huntington Ave
C32003,48,0.020833333333333332,0.14583333333333334,0.08333333333333333,0.10416666666666667,1.2091383934020996,-1.0,mixed,Back Bay T Stop - Dartmouth St at Stuart St
C32006,48,0.3125,0.0,0.20833333333333334,0.08333333333333333,-2.936814159154892,0.0,mixed,Washington St at Rutland St
C32008,48,0.0,0.7708333333333334,0.0,0.6875,8.34306424856186,8.5,mixed,Boylston St at Fairfield St
C32036,48,0.0,0.9583333333333334,0.0,0.8333333333333334,9.262869954109192,9.0,fills,Seaport Blvd at Sleeper St
D32000,48,0.0,0.0,0.0625,0.10416666666666667,0.18284881114959717,1.0,mixed,Cambridge St at Joy St
D32005,43,0.0,0.9069767441860465,0.0,0.6744186046511628,9.286331176757812,11.0,fills,Copley Square - Dartmouth St at Boylston St
D32007,47,0.0,0.3617021276595745,0.0,0.44680851063829785,4.373265504837036,5.0,mixed,Boylston St at Charles St
D32010,48,0.6458333333333334,0.0,0.4583333333333333,0.0,-6.1355820298194885,-5.0,mixed,Cross St at Hanover St
D32016,48,0.020833333333333332,0.0625,0.2916666666666667,0.14583333333333334,1.1498637199401855,-1.5,mixed,Charles Circle - Charles St at Cambridge St
D32017,48,0.14583333333333334,0.0,0.0625,0.0,-2.224024713039398,0.0,mixed,Mugar Way at Beacon St
D32019,48,0.0,0.0,0.125,0.020833333333333332,-1.7951329350471497,-2.0,mixed,Chinatown T Stop
D32024,48,0.2708333333333333,0.0,0.3958333333333333,0.0,-3.293327823281288,-5.0,mixed,Beacon St at Charles St
D32046,48,0.0,0.3125,0.0,0.4166666666666667,3.930415153503418,4.0,mixed,Boylston St at Exeter St
M32002,48,0.0,0.9166666666666666,0.0,0.8333333333333334,10.02283227443695,10.0,fills,One Kendall Square at Hampshire St / Portland St
M32004,48,0.0,0.9791666666666666,0.0,0.9375,16.207802176475525,20.0,fills,Kendall T
M32005,48,0.0,1.0,0.0,1.0,31.00057777762413,32.5,fills,MIT Stata Center at Vassar St / Main St
M32006,48,0.0,1.0,0.0,0.9791666666666666,14.104657888412476,15.0,fills,MIT at Mass Ave / Amherst St
M32011,48,0.041666666666666664,0.041666666666666664,0.20833333333333334,0.14583333333333334,0.5915250778198242,-1.0,mixed,Central Square at Mass Ave / Essex St
M32012,48,0.2916666666666667,0.0,0.5416666666666666,0.0,-3.787041425704956,-6.0,mixed,Central Sq Post Office / Cambridge City Hall at Mass Ave / Pleasant St
M32017,48,0.0,0.4583333333333333,0.0,0.7083333333333334,4.820970833301544,8.0,mixed,Harvard Square at Brattle St / Eliot St
M32018,48,0.0,0.9166666666666666,0.0,0.875,8.960322916507721,11.0,fills,Harvard Square at Mass Ave/ Dunster
M32022,48,0.7083333333333334,0.0,0.7708333333333334,0.0,-7.587566375732422,-7.5,mixed,Lower Cambridgeport at Magazine St / Riverside Rd
M32037,48,0.0,1.0,0.0,1.0,59.340097427368164,57.0,fills,Ames St at Main St
M32038,48,0.2916666666666667,0.0,0.4166666666666667,0.0,-3.271670877933502,-4.5,mixed,Harvard University River Houses at DeWolfe St / Cowperthwaite St
M32041,48,1.0,0.0,0.8958333333333334,0.0,-13.173817873001099,-12.0,drains,MIT Pacific St at Purrington St
M32042,48,1.0,0.0,1.0,0.0,-26.961107432842255,-33.0,drains,MIT Vassar St
M32061,48,0.0,0.9583333333333334,0.0,1.0,13.757272601127625,13.5,fills,Mass Ave at Albany St
M32062,48,1.0,0.0,1.0,0.0,-14.848297238349915,-17.0,drains,Inman Square at Springfield St.
M32063,48,0.9166666666666666,0.0,0.9375,0.0,-10.859092891216278,-12.5,drains,Sennott Park Broadway at Norfolk Street
M32070,48,0.0,0.9791666666666666,0.0,1.0,16.01417389512062,17.0,fills,MIT Carleton St at Amherst St
M32071,48,0.0,1.0,0.0,0.9791666666666666,20.569801226258278,23.0,fills,MIT Hayward St at Amherst St
M32073,48,0.8541666666666666,0.0,0.8333333333333334,0.0,-7.550644189119339,-9.5,drains,955 Mass Ave
M32081,48,0.9791666666666666,0.0,0.7916666666666666,0.0,-11.200459897518158,-10.5,drains,Gore Street at Lambert Street
M32085,48,0.020833333333333332,0.0,0.0625,0.0,-1.4835874438285828,-1.5,mixed,Mass Ave/Lafayette Square
